workload_type,workload_size,Workload TPT,Average Workload TPT,Average FET,Average Waiting Time,C_CPU,C_RAM,C_disk_read,C_disk_write,C_network_recieve,C_network_transmit,pod_cpu_aeneas_function,pod_cpu_functions_all,pod_cpu_mosquitto_broker,pod_cpu_mosquitto_connector_aeneas,pod_cpu_mosquitto_connector_tocloud
13_emqx_testing_namespace_scaling_without_max_inflight_replicas_2,13,65.749086,10.0,4.774876923076922,5.225123076923078,0.9634133794663546,3846922240,2621.4138243071066,51003.28188467361,572740.2163307223,641379.3175912444,2.174775419070604,2.2032786052380557,0.0408146934359299,0.4359419294947727,0.0334794761599807
25_emqx_testing_namespace_scaling_without_max_inflight_replicas_2,25,127.03633,8.36,4.763956,3.596044,1.4636955567356948,3884310528,4394.053992465063,66074.60312313167,570035.5326759857,643071.7473453864,1.806398917836972,1.8348948781487937,0.0362459633071861,0.5289296943367978,0.0490428675083878
59_emqx_testing_namespace_scaling_without_max_inflight_replicas_2,59,304.790162,8.016949152542374,4.752527118644067,3.264422033898305,2.9074218701282293,3978952704,4110.968798840251,94579.25798904937,583303.8953071333,666981.8164331494,1.8095138929848031,1.8393910658314565,0.0510747501289903,0.4362253171382605,0.0479136132585623
1_testing_resource_limits,1,5.239159,5.0,4.6606000000000005,0.3393999999999995,0.5346384565068855,3674284032,2226.6516870220707,75847.98659410665,26381.693216400137,27682.98179105505,0.004145908457648263,0.009657569575452702,0.03630116215920318,0.06549864136396143,0.03427493673359128
