Average Workload TPT,Workload TPT,workload_size,workload_type,Average FET
11.436108249999998,141.898997,36,36_120_k8s,11.02584444444444
7.101899416666666,133.493527,36,36_120_k8s,7.058822222222222
14.603440866666668,137.33224,45,45_120_k8s,14.350426666666667
5.864947365853659,123.858352,41,41_120_k8s,5.817636585365854
11.670309622222224,146.420508,45,45_120_k8s_0.05,11.225888888888887
15.48704173809524,148.868021,42,42_120_k8s_keda_0.05,14.891616666666668
10.366847891304348,138.844865,46,46_120_k8s_keda_0.05,9.665576086956522
13.27228034090909,148.666064,44,44_120_k8s_keda_0.05,12.860279545454544
