Average Workload TPT,Workload TPT,workload_size,workload_type,Average FET
11.965319244444446,143.776106,45,45_120_keda,11.506742222222222
8.97541740425532,128.887709,47,47_120_keda,8.582521276595743
8.472999272727272,123.44382,44,44_120_keda,8.069306818181818
13.348709957446806,141.320173,47,47_120_keda_0.05,12.668976595744681
