,PT,frequency,pdf,cdf
0,4.0,7,0.15555555555555556,0.15555555555555556
1,5.0,13,0.28888888888888886,0.4444444444444444
2,6.0,4,0.08888888888888889,0.5333333333333333
3,7.0,9,0.2,0.7333333333333334
4,8.0,5,0.1111111111111111,0.8444444444444446
5,9.0,2,0.044444444444444446,0.888888888888889
6,10.0,2,0.044444444444444446,0.9333333333333333
7,11.0,1,0.022222222222222223,0.9555555555555556
8,12.0,2,0.044444444444444446,1.0
