,PT,frequency,pdf,cdf
0,4.0,10,0.6666666666666666,0.6666666666666666
1,5.0,2,0.13333333333333333,0.7999999999999999
2,6.0,3,0.2,1.0
